{
  "version": 1,
  "author": "Suba A",
  "editor": "wokwi",
  "parts": [
    { "type": "wokwi-pi-pico", "id": "pico", "top": -38.74, "left": 178.74, "attrs": {} },
    {
      "type": "wokwi-led",
      "id": "led1",
      "top": -6.05,
      "left": 117.85,
      "attrs": { "color": "yellow" }
    },
    {
      "type": "wokwi-led",
      "id": "led2",
      "top": -76.05,
      "left": 111.18,
      "attrs": { "color": "red" }
    },
    {
      "type": "wokwi-led",
      "id": "led3",
      "top": 39.16,
      "left": 111.19,
      "attrs": { "color": "green" }
    },
    {
      "type": "wokwi-led",
      "id": "led4",
      "top": -53.632412037854735,
      "left": 0.5360008590728977,
      "attrs": { "color": "red" }
    }
  ],
  "connections": [
    [ "pico:GP0", "$serialMonitor:RX", "", [] ],
    [ "pico:GP1", "$serialMonitor:TX", "", [] ],
    [ "led2:A", "pico:GP1", "black", [ "v18.41", "h39.01" ] ],
    [ "led2:C", "pico:GND.1", "red", [ "v0" ] ],
    [ "pico:GP5", "led1:A", "red", [ "h0" ] ],
    [ "led1:C", "pico:GND.2", "gold", [ "v9.08", "h43.67" ] ],
    [ "led3:A", "pico:GP9", "black", [ "v-1.97", "h37.79" ] ],
    [ "pico:GND.3", "led3:C", "red", [ "h-55.02", "v2.84" ] ]
  ]
}